<?xml version="1.0"?><!DOCTYPE Configure PUBLIC "-//Jetty//Configure//EN" "http://www.eclipse.org/jetty/configure_9_3.dtd">

<Configure id="Server" class="org.eclipse.jetty.server.Server">

  <New id="databaseAdaptor" class="org.eclipse.jetty.server.session.DatabaseAdaptor">
    <Set name="DatasourceName"><Property name="jetty.session.jdbc.datasourceName" default="/jdbc/sessions" /></Set>
    <Set name="blobType"><Property name="jetty.session.jdbc.blobType"/></Set>
    <Set name="longType"><Property name="jetty.session.jdbc.longType"/></Set>
    <Set name="stringType"><Property name="jetty.session.jdbc.stringType"/></Set>
  </New>

</Configure>
